{"Parameters":[{"LONGNAME":"Eyebrow tilt","CATEGORY":"Eyebrows","IDX":1,"NAME":"EyebrowTilt","TYPE":"bm","MIN":-1.0,"MAX":1.0,"DEF":0.0,"VAL":-0.14},{"LONGNAME":"Eyebrow distance","CATEGORY":"Eyebrows","IDX":2,"NAME":"EyebrowDistance","TYPE":"bm","MIN":-1.0,"MAX":1.0,"DEF":0.0,"VAL":-0.45},{"LONGNAME":"Cheekbones height","CATEGORY":"Face","IDX":3,"NAME":"CheekbonesHeight","TYPE":"bm","MIN":-1.0,"MAX":1.0,"DEF":0.0,"VAL":0.0},{"LONGNAME":"Cheekbones intensity","CATEGORY":"Face","IDX":4,"NAME":"CheekbonesIntensity","TYPE":"bm","MIN":-1.0,"MAX":1.0,"DEF":0.0,"VAL":-0.75},{"LONGNAME":"Eye distance","CATEGORY":"Eyes","IDX":5,"NAME":"EyeDistance","TYPE":"bm","MIN":-1.0,"MAX":1.0,"DEF":0.0,"VAL":0.15},{"LONGNAME":"Eye size","CATEGORY":"Eyes","IDX":6,"NAME":"EyeSize","TYPE":"bm","MIN":-1.0,"MAX":1.0,"DEF":0.0,"VAL":0.5},{"LONGNAME":"Eye height","CATEGORY":"Eyes","IDX":7,"NAME":"EyeHeight","TYPE":"bm","MIN":-1.0,"MAX":1.0,"DEF":0.0,"VAL":-0.59},{"LONGNAME":"Cheekbones width","CATEGORY":"Face","IDX":8,"NAME":"CheekbonesWidth","TYPE":"bm","MIN":-1.0,"MAX":1.0,"DEF":0.0,"VAL":0.0},{"LONGNAME":"Nose size/nostril width","CATEGORY":"Face","IDX":9,"NAME":"Nose size/nostril width","TYPE":"bm","MIN":-1.0,"MAX":1.0,"DEF":0.0,"VAL":0.0},{"LONGNAME":"Nose height","CATEGORY":"Face","IDX":10,"NAME":"NoseHeight","TYPE":"bm","MIN":-1.0,"MAX":1.0,"DEF":0.0,"VAL":0.36},{"LONGNAME":"Mouth size","CATEGORY":"Mouth","IDX":11,"NAME":"MouthSize","TYPE":"bm","MIN":-1.0,"MAX":1.0,"DEF":0.0,"VAL":0.0},{"LONGNAME":"Mouth width","CATEGORY":"Mouth","IDX":12,"NAME":"MouthWidth","TYPE":"bm","MIN":-1.0,"MAX":1.0,"DEF":0.0,"VAL":0.54},{"LONGNAME":"Chin width","CATEGORY":"Mouth","IDX":13,"NAME":"ChinWidth","TYPE":"bm","MIN":-1.0,"MAX":1.0,"DEF":0.0,"VAL":0.0},{"LONGNAME":"Chin height","CATEGORY":"Chin","IDX":14,"NAME":"ChinHeight","TYPE":"bm","MIN":-1.0,"MAX":1.0,"DEF":0.0,"VAL":0.0},{"LONGNAME":"Eyes tilt","CATEGORY":"Eyes","IDX":15,"NAME":"EyesTilt","TYPE":"bm","MIN":-1.0,"MAX":1.0,"DEF":0.0,"VAL":-1.75},{"LONGNAME":"Mouth height","CATEGORY":"Mouth","IDX":16,"NAME":"MouthHeight","TYPE":"bm","MIN":-1.0,"MAX":1.0,"DEF":0.0,"VAL":-0.4},{"LONGNAME":"Eyebrow size","CATEGORY":"Eyebrows","IDX":17,"NAME":"EyebrowSize","TYPE":"bm","MIN":-1.0,"MAX":1.0,"DEF":0.0,"VAL":0.0},{"LONGNAME":"Eyebrow height","CATEGORY":"Eyebrows","IDX":18,"NAME":"EyebrowHeight","TYPE":"bm","MIN":-1.0,"MAX":1.0,"DEF":0.0,"VAL":-0.50},{"LONGNAME":"Eye Roundness","CATEGORY":"Eyes","IDX":19,"NAME":"EyeRoundness","TYPE":"bm","MIN":-1.0,"MAX":1.0,"DEF":0.0,"VAL":0.0},{"LONGNAME":"Bottom Lip Thickness","CATEGORY":"Mouth","IDX":20,"NAME":"BottomLipThickness","TYPE":"bm","MIN":-1.0,"MAX":1.0,"DEF":0.0,"VAL":-0.32},{"LONGNAME":"Top Lip Thickness","CATEGORY":"Mouth","IDX":21,"NAME":"TopLipThickness","TYPE":"bm","MIN":-1.0,"MAX":1.0,"DEF":0.0,"VAL":0.14},{"LONGNAME":"Skin Texture","CATEGORY":"Textures","IDX":22,"NAME":"skins","TYPE":"tm","MIN":0.0,"MAX":10.0,"DEF":0.0,"VAL":"leaf"},{"LONGNAME":"Eye Texture","CATEGORY":"Textures","IDX":23,"NAME":"eyes","TYPE":"tm","MIN":0.0,"MAX":5.0,"DEF":0.0,"VAL":"snake-green"},{"LONGNAME":"Teeth Texture","CATEGORY":"Textures","IDX":24,"NAME":"default","TYPE":"tm","MIN":0.0,"MAX":1.0,"DEF":0.0,"VAL":"default"}],"TextureController":{"FaceSkinColor":"#8088e8ff","TextureSets":{"skins":"leaf","eyes":"snake-green","teeth":"default","eyelashes":"realistic-thick"},"Overlays":[{"CAT":"eyebrows","VAL":"bushy_2","COLOR":"#76412A00"},{"CAT":"skin-blush","VAL":"default","COLOR":"#FFFFFF00"},{"CAT":"facial-hair","VAL":"default","COLOR":"#FFFFFFFF"},{"CAT":"lips","VAL":"realistic_lips_2","COLOR":"#867dbdff"},{"CAT":"tattoos","VAL":"plavalaguna","COLOR":"#5b5580ff"}]},"MaskID":"adult","RigID":"adult"}
